{
    "CIP1": {
        "SA1": 0.5350475114069236,
        "SA2": 0.6086274017330152,
        "SA3": 0.0,
        "SA4": 1.0,
        "SA5": 0.613378542425384,
        "SA6": 0.0
    },
    "CIP2": {
        "SA1": 0.0,
        "SA2": 0.6790750568612586,
        "SA3": 0.0,
        "SA4": 1.0,
        "SA5": 0.5504169825625473,
        "SA6": 0.0
    },
    "CIP3": {
        "SA1": 1.0,
        "SA2": 0.7666282665373189,
        "SA3": 0.5954647426180804,
        "SA4": 0.9177226702237313,
        "SA5": 0.8298672163948342,
        "SA6": 0.0
    },
    "CIP4": {
        "SA1": 0.0,
        "SA2": 0.0,
        "SA3": 0.5532722805450078,
        "SA4": 1.0,
        "SA5": 0.0,
        "SA6": 0.0
    },
    "CIP5": {
        "SA1": 0.0,
        "SA2": 0.0,
        "SA3": 0.0,
        "SA4": 1.0,
        "SA5": 0.5874925074925075,
        "SA6": 0.0
    },
    "CIP6": {
        "SA1": 0.0,
        "SA2": 0.527655667464248,
        "SA3": 0.0,
        "SA4": 1.0,
        "SA5": 0.6765065939569306,
        "SA6": 0.0
    },
    "CIP7": {
        "SA1": 0.0,
        "SA2": 0.6827970610590322,
        "SA3": 0.6070433240435774,
        "SA4": 1.0,
        "SA5": 0.5567519635165948,
        "SA6": 0.0
    },
    "CIP8": {
        "SA1": 0.0,
        "SA2": 0.6380186282811177,
        "SA3": 0.0,
        "SA4": 0.8322043465989275,
        "SA5": 1.0,
        "SA6": 0.0
    },
    "CIP9": {
        "SA1": 0.0,
        "SA2": 0.7393284006829823,
        "SA3": 0.5867956744450769,
        "SA4": 1.0,
        "SA5": 0.7754695503699488,
        "SA6": 0.0
    }
}